player_id,season,week,completions,attempts,passing_yards,passing_tds,interceptions,sacks,sack_yards,passing_epa
00-0023459,2023,1,0,1,0,0,0,1,10,-2.0319598843343556
00-0026158,2023,13,23,44,254,2,1,2,14,-7.791563930410868
00-0026158,2023,14,26,45,311,3,1,1,4,-1.6544217481042307
00-0026158,2023,15,28,44,374,2,3,4,31,-17.392163456001864
00-0026158,2023,16,27,42,368,3,2,0,-0,19.032988064660454
00-0026158,2023,17,19,29,309,3,1,1,8,6.1975739089539275
00-0026498,2023,1,24,38,334,0,0,0,-0,20.67998153272862
00-0026498,2023,2,34,55,307,1,2,1,10,-5.089192700477703
00-0026498,2023,3,18,33,269,1,2,6,48,-8.404790011332945
00-0026498,2023,4,27,40,319,1,1,2,16,11.37435107669372
00-0026498,2023,5,21,37,222,2,0,4,27,-2.536261009518057
00-0026498,2023,6,15,24,226,1,0,3,23,3.271050272125505
00-0026498,2023,7,14,29,231,1,1,2,12,-3.590840504016092
00-0026498,2023,8,13,22,162,1,1,1,9,-4.978713984668223
00-0026498,2023,11,17,31,190,1,1,1,5,-4.574814941957867
00-0026498,2023,12,25,33,229,4,1,0,-0,13.204231557474376
00-0026498,2023,13,22,37,279,3,0,0,-0,5.319123742495321
00-0026498,2023,14,23,41,294,3,0,2,12,6.54873018331353
00-0026498,2023,15,25,33,258,2,0,3,9,7.874736452077675
00-0026498,2023,16,24,34,328,2,0,1,3,15.034519595255832
00-0026498,2023,17,24,34,317,1,2,4,31,0.8999966169358231
00-0026625,2023,6,6,10,102,0,0,0,-0,4.752259165038733
00-0026625,2023,7,17,32,129,0,2,1,8,-13.533031918403136
00-0027948,2023,3,3,5,31,0,2,0,-0,-6.706045397208072
00-0027948,2023,18,15,30,154,0,1,1,9,-9.437241707955698
00-0027973,2023,3,34,58,361,2,0,3,27,4.548329591227218
00-0028118,2023,1,2,2,6,0,0,0,-0,-0.544656885205768
00-0028118,2023,3,0,1,0,0,0,0,-0,-0.6515430161962286
00-0028118,2023,5,9,12,86,0,0,1,3,2.4409939376013767
00-0028118,2023,6,24,36,200,0,0,3,15,-2.130479126713199
00-0028118,2023,7,18,29,279,2,0,4,29,4.930734614199577
00-0028118,2023,8,4,7,8,0,0,2,7,-10.349500579329142
00-0028118,2023,15,2,4,13,0,0,0,-0,0.40001194594534706
00-0028118,2023,16,7,16,133,1,1,0,-0,0.5316355136455968
00-0028118,2023,17,27,41,319,1,1,6,35,-2.061729279968789
00-0028118,2023,18,23,32,297,1,1,1,5,9.55054857267519
00-0028986,2023,15,23,36,229,1,1,3,27,-2.5340544037528776
00-0028986,2023,16,11,17,62,0,2,3,33,-18.117274977848865
00-0029263,2023,1,27,34,177,2,0,2,11,2.355538343570046
00-0029263,2023,2,18,32,308,3,1,7,31,3.3465051103927843
00-0029263,2023,3,23,38,306,1,1,1,12,2.2087187350008812
00-0029263,2023,4,21,28,223,3,0,1,9,14.21806286516332
00-0029263,2023,5,20,31,196,2,0,4,27,-10.412276005515247
00-0029263,2023,6,13,22,95,1,2,4,13,-18.298592432925943
00-0029263,2023,7,20,29,194,1,0,1,-0,4.095713499630485
00-0029263,2023,8,12,19,114,3,0,6,27,-4.8447875870412584
00-0029263,2023,10,24,29,193,2,0,4,15,5.758063172628668
00-0029263,2023,11,27,35,259,1,0,2,10,1.4860982910168274
00-0029263,2023,12,13,22,134,1,0,1,9,4.45424141373951
00-0029263,2023,13,15,26,186,1,3,3,22,-14.968118985611405
00-0029263,2023,14,21,33,224,2,1,2,8,-2.21562039923466
00-0029263,2023,15,18,32,223,1,0,2,19,-2.3929814262664877
00-0029263,2023,16,25,37,238,2,0,5,45,-1.1267621187165258
00-0029604,2023,1,33,44,344,2,1,2,16,0.32368977627827666
00-0029604,2023,2,31,44,364,4,0,2,18,17.481337210163474
00-0029604,2023,3,32,50,367,3,1,4,22,1.4202402869707438
00-0029604,2023,4,12,19,139,2,2,2,9,-10.878062953648625
00-0029604,2023,5,29,47,284,2,0,3,25,2.5681459510758153
00-0029604,2023,6,21,31,181,1,0,2,7,-6.169656257693803
00-0029604,2023,7,35,45,378,2,1,0,-0,12.85741865847513
00-0029604,2023,8,23,31,274,2,0,2,13,19.499932799483048
00-0029701,2023,1,16,34,198,0,3,3,17,-12.0429618927599
00-0029701,2023,2,20,24,246,1,0,5,46,1.4567640593870608
00-0029701,2023,3,13,25,104,0,0,5,36,-14.025611756842377
00-0029701,2023,4,18,25,240,1,1,3,15,7.165728041705081
00-0029701,2023,5,23,34,264,0,1,1,5,9.329527414469329
00-0029701,2023,6,8,16,76,0,1,2,16,-10.508053488856875
00-0029701,2023,16,18,26,152,0,0,6,39,-2.6874157276470214
00-0029701,2023,17,16,20,168,0,0,5,40,-2.4355689408452954
00-0029701,2023,18,17,26,168,2,1,2,16,0.881224628596101
00-0030565,2023,1,16,26,112,1,0,2,17,-4.389090738004491
00-0030565,2023,2,32,41,328,2,0,1,17,14.869270530748487
00-0030565,2023,3,23,36,296,1,1,2,17,5.2735152484276275
00-0030565,2023,4,13,20,110,1,0,2,13,-9.127239332726395
00-0030565,2023,6,27,41,326,0,2,4,29,-3.616049409648474
00-0030565,2023,7,18,24,219,2,1,2,16,7.281663570599957
00-0030565,2023,8,23,37,254,2,2,1,6,2.6245567447569806
00-0030565,2023,9,13,28,157,0,1,4,34,-14.661981639171309
00-0030565,2023,10,31,47,369,2,0,1,-0,5.205711377139459
00-0030565,2023,11,22,34,233,1,0,2,13,5.416796529322654
00-0030565,2023,12,18,27,180,0,1,6,48,-11.940727955094662
00-0030565,2023,13,23,41,334,3,1,0,-0,11.57318432268221
00-0030565,2023,16,25,36,227,2,0,3,12,11.052164996637064
00-0030565,2023,17,23,33,290,1,0,1,9,7.223915382146952
00-0030565,2023,18,16,28,189,2,0,0,-0,5.654846886358095
00-0031280,2023,1,23,33,305,1,1,4,23,3.6704846313371937
00-0031280,2023,2,21,36,228,0,1,4,29,-2.1891075282538184
00-0031280,2023,3,13,18,103,1,0,3,21,0.07446693118935999
00-0031280,2023,4,23,37,127,0,0,2,10,-12.751911281074792
00-0031280,2023,5,18,26,183,2,0,2,15,3.4477739772610976
00-0031280,2023,6,32,50,353,1,1,2,16,5.213855274451472
00-0031280,2023,7,33,55,301,1,1,1,6,-16.85071141964793
00-0031280,2023,8,19,27,310,2,0,1,4,13.525134789408185
00-0031280,2023,9,25,34,211,2,0,0,-0,2.713006294238157
00-0031280,2023,10,13,18,110,0,0,2,12,-2.3130262496371943
00-0031280,2023,12,24,38,304,0,1,1,8,-1.2685188326217418
00-0031280,2023,13,17,22,226,1,1,2,18,7.331379322044086
00-0031280,2023,14,18,26,119,2,1,1,9,-9.563635846828335
00-0031280,2023,15,23,28,218,3,0,1,9,9.94775139906002
00-0031280,2023,16,27,40,319,3,1,2,15,0.7056747059687041
00-0031280,2023,17,24,32,197,2,0,1,6,9.247694994742734
00-0031280,2023,18,22,28,264,4,0,2,17,14.978746151984351
00-0031288,2023,14,1,1,-1,0,0,0,-0,-1.6931319367140532
00-0031288,2023,18,3,4,20,0,0,1,9,-3.5579401078866795
00-0031345,2023,1,20,26,200,2,1,0,-0,13.086084981785486
00-0031345,2023,2,16,24,185,1,2,0,-0,-2.0070985654510527
00-0031345,2023,3,28,44,324,2,3,4,31,-8.352473780592542
00-0031345,2023,5,22,31,208,1,1,3,21,-0.7268434750931592
00-0031345,2023,6,14,22,162,1,1,0,-0,5.130306091690607
00-0031345,2023,8,10,21,126,0,1,6,49,-24.156507637933828
00-0031345,2023,18,0,1,0,0,0,1,-0,-2.135103028267622
00-0031503,2023,3,10,16,101,0,0,1,8,-2.519490228338142
00-0031503,2023,4,0,1,0,0,1,0,-0,-2.82205399236409
00-0031503,2023,10,13,25,122,2,2,1,5,-4.560712916892953
00-0031503,2023,13,2,5,41,0,0,0,-0,0.11323756276397036
00-0031800,2023,8,12,21,175,1,0,1,8,6.048243212197201
00-0031800,2023,9,21,38,268,1,1,1,8,-1.4887448844313336
00-0031800,2023,10,8,15,55,1,0,3,24,-7.530447752532551
00-0031800,2023,16,23,33,229,1,0,1,-0,7.642198999814564
00-0031800,2023,17,10,29,163,1,3,2,7,-6.314528683457766
00-0032156,2023,13,5,13,66,0,0,3,12,-7.564943343139021
00-0032156,2023,15,14,26,110,0,2,2,19,-9.411222703638488
00-0032156,2023,16,27,49,217,1,1,0,-0,-15.972939805726302
00-0032156,2023,17,32,45,261,1,1,2,8,-10.637966791807788
00-0032156,2023,18,8,20,70,0,0,1,1,-11.007632592412085
00-0032268,2023,13,2,3,16,0,0,0,-0,-0.3476434804033488
00-0032268,2023,18,13,20,148,1,1,3,11,-4.762452383960964
00-0032436,2023,18,13,26,166,2,2,3,26,-10.95720804540906
00-0032950,2023,18,17,24,163,2,1,2,14,7.064853062212933
00-0033077,2023,1,13,24,143,0,0,0,-0,4.17848433913809
00-0033077,2023,2,31,38,255,2,0,1,7,10.077872056186449
00-0033077,2023,3,25,40,249,1,1,2,18,-3.659614854047325
00-0033077,2023,4,28,34,261,1,0,3,28,3.933240894897108
00-0033077,2023,5,14,24,153,1,3,3,13,-12.18878598313313
00-0033077,2023,6,21,30,272,1,0,5,26,6.778182700220884
00-0033077,2023,8,25,31,304,4,1,3,22,11.593556129590604
00-0033077,2023,9,29,44,374,3,0,5,41,12.918436241445182
00-0033077,2023,10,26,35,404,4,1,0,-0,16.128327141632326
00-0033077,2023,11,25,38,189,2,0,0,-0,7.6395618677019
00-0033077,2023,12,22,32,331,4,0,0,-0,18.192239626375574
00-0033077,2023,13,29,41,299,3,0,4,24,13.770497584657994
00-0033077,2023,14,24,39,271,2,0,3,15,-0.05498430396938691
00-0033077,2023,15,21,34,134,0,1,3,28,-12.449003155246528
00-0033077,2023,16,20,32,253,2,0,4,11,8.432478624566755
00-0033077,2023,17,26,38,345,2,1,3,22,11.299152896313498
00-0033077,2023,18,31,36,279,4,1,0,-0,22.099422981782563
00-0033106,2023,1,22,35,253,1,0,1,3,6.543756803672295
00-0033106,2023,2,28,35,323,3,1,2,7,8.152201352508701
00-0033106,2023,3,22,33,243,1,1,0,-0,2.7206899089548573
00-0033106,2023,4,19,28,210,1,1,2,20,2.4591233149722904
00-0033106,2023,5,20,28,236,3,0,2,18,5.771698093274608
00-0033106,2023,6,30,44,353,2,0,3,13,17.925803287663015
00-0033106,2023,7,33,53,284,0,1,5,31,-12.379357203666586
00-0033106,2023,8,26,37,272,1,1,0,-0,2.3991140622339024
00-0033106,2023,10,23,33,333,2,0,0,-0,14.826729859458284
00-0033106,2023,11,23,35,236,2,3,2,13,-2.145054559397977
00-0033106,2023,12,29,44,332,2,0,3,8,-5.440493225352839
00-0033106,2023,13,16,25,213,2,0,1,8,8.439438044373311
00-0033106,2023,14,20,35,161,1,2,4,34,-6.335564998094924
00-0033106,2023,15,24,34,278,5,0,2,15,15.231727600214072
00-0033106,2023,16,30,40,257,1,0,1,11,14.274304325256995
00-0033106,2023,17,19,34,271,1,2,1,7,-1.6409641929907326
00-0033106,2023,18,23,32,320,2,0,1,9,10.87409844600108
00-0033119,2023,15,8,10,124,2,0,0,-0,9.427990246273112
00-0033119,2023,16,10,13,100,1,0,0,-0,6.947744549863273
00-0033275,2023,6,18,34,192,0,2,2,18,-14.264403022690107
00-0033275,2023,7,15,32,178,0,1,2,17,-3.3300769146376688
00-0033275,2023,8,15,31,248,1,2,3,27,-5.688340737857574
00-0033275,2023,10,0,1,0,0,0,0,-0,-0.2794255707995035
00-0033275,2023,12,6,13,56,0,0,4,28,-11.402487118903082
00-0033319,2023,14,9,13,83,0,0,0,-0,1.6778485485701822
00-0033319,2023,15,26,33,303,2,2,3,22,11.740158662526127
00-0033319,2023,16,22,36,411,2,4,4,38,5.6913213593070395
00-0033319,2023,17,13,22,113,1,0,1,8,-4.1967074410640635
00-0033319,2023,18,30,44,396,2,2,4,37,-2.6157523604154265
00-0033357,2023,2,1,1,8,0,0,0,-0,0.5803323040599935
00-0033357,2023,4,1,1,13,0,0,1,3,-0.3197493079351261
00-0033357,2023,6,1,1,4,0,0,0,-0,0.08685685053933412
00-0033357,2023,8,1,2,44,0,0,0,-0,2.595579115615692
00-0033357,2023,9,1,1,3,1,0,0,-0,0.8065087035065517
00-0033357,2023,13,0,2,0,0,0,0,-0,-1.4256790415383875
00-0033357,2023,15,0,1,0,0,0,0,-0,-0.5991178345866501
00-0033357,2023,17,1,2,11,0,0,0,-0,0.49068568175425753
00-0033357,2023,18,0,0,0,0,0,1,1,-0.7570095867849886
00-0033537,2023,1,16,29,154,1,1,3,10,-10.871305896014098
00-0033537,2023,2,22,40,235,1,1,6,25,-15.953177403144815
00-0033537,2023,3,27,33,289,2,0,3,26,12.508116518452686
00-0033537,2023,7,1,5,5,0,1,0,-0,-5.8757238739635795
00-0033537,2023,9,19,30,219,2,0,1,6,1.4342772680909022
00-0033537,2023,10,20,34,213,1,1,4,18,-0.1923484141191314
00-0033662,2023,1,0,1,0,0,0,0,-0,-2.601653972407803
00-0033662,2023,4,2,2,20,0,0,0,-0,1.5769879361032508
00-0033662,2023,5,2,2,8,0,0,1,8,-1.4217072618193924
00-0033662,2023,8,2,3,3,0,0,0,-0,-2.3172528342111036
00-0033662,2023,10,7,9,68,0,1,0,-0,-0.29045116109773517
00-0033662,2023,11,2,3,15,0,0,0,-0,-1.0920929117128253
00-0033662,2023,18,3,4,30,0,0,0,-0,0.9062224575763876
00-0033869,2023,4,3,5,18,0,0,0,-0,-1.1255575283430517
00-0033869,2023,8,15,27,138,1,2,2,15,-7.641714351077098
00-0033869,2023,13,11,17,117,1,0,0,-0,8.028602926241097
00-0033869,2023,14,22,35,190,1,1,2,8,-16.507744101715836
00-0033869,2023,15,16,23,169,1,2,3,19,-2.4031188849476166
00-0033873,2023,1,21,39,226,2,1,0,-0,-6.4536129623823655
00-0033873,2023,2,29,41,305,2,1,1,7,10.558776084871267
00-0033873,2023,3,24,33,272,3,0,0,-0,20.917330593607605
00-0033873,2023,4,18,30,203,1,2,1,6,0.6326508337961019
00-0033873,2023,5,31,41,281,2,0,2,15,14.760243160670512
00-0033873,2023,6,30,40,306,1,1,2,13,4.571162276312816
00-0033873,2023,7,32,42,424,4,1,1,9,22.31995404173889
00-0033873,2023,8,24,38,240,0,2,3,28,-10.966318837583817
00-0033873,2023,9,20,30,185,2,0,2,11,1.3612226745462976
00-0033873,2023,11,24,43,177,2,1,1,9,-8.02547696947013
00-0033873,2023,12,27,34,298,2,0,1,7,12.58739586226176
00-0033873,2023,13,21,33,210,1,1,3,21,3.9477347129723346
00-0033873,2023,14,25,43,271,1,1,1,7,-2.996949236331651
00-0033873,2023,15,27,37,305,2,2,3,26,2.109378518108879
00-0033873,2023,16,27,44,235,1,1,4,23,-14.331734661759542
00-0033873,2023,17,21,29,245,1,0,2,4,-0.03024040102096148
00-0033936,2023,3,2,2,9,0,0,0,-0,0.4268732601776719
00-0033936,2023,10,1,2,5,0,0,0,-0,-1.0978968928102404
00-0033936,2023,13,9,10,63,0,0,2,2,0.9100369421664872
00-0033936,2023,16,11,15,94,1,0,1,9,0.15062477526953444
00-0033936,2023,17,17,24,178,0,0,3,16,5.191076907221023
00-0033949,2023,1,21,30,132,0,0,3,18,-9.239667566276069
00-0033949,2023,2,21,31,228,1,0,0,-0,7.430885184349267
00-0033949,2023,3,17,21,189,1,0,2,11,4.56063140622018
00-0033949,2023,4,28,41,265,2,0,1,8,3.8983110031806874
00-0033949,2023,5,15,32,166,2,2,3,14,-15.65153375652153
00-0033949,2023,6,21,41,235,0,1,2,20,-17.462166118847428
00-0033949,2023,7,19,33,146,0,0,4,28,-12.358147968825682
00-0033949,2023,8,25,37,208,2,2,2,27,-8.744719452253776
00-0033949,2023,9,20,30,158,2,0,3,12,-4.969575328276971
00-0033949,2023,10,23,34,268,1,0,1,5,8.31462603116892
00-0033949,2023,11,20,32,221,1,1,2,11,1.061477755532914
00-0033949,2023,12,22,32,185,1,4,2,16,-23.790539162216255
00-0033949,2023,14,10,23,63,0,0,5,47,-13.79923919798222
00-0033958,2023,7,0,0,0,0,0,1,5,-0.09442649222910404
00-0034177,2023,11,7,14,33,0,1,1,10,-7.643585715384688
00-0034177,2023,12,27,38,179,1,2,7,49,-18.66758491814835
00-0034177,2023,13,14,25,148,0,1,1,5,-4.676407473485347
00-0034401,2023,3,2,2,67,1,0,0,-0,4.690234114881605
00-0034401,2023,6,0,1,0,0,1,0,-0,-8.976947910850868
00-0034401,2023,13,1,1,3,0,0,0,-0,-1.0640873379306868
00-0034401,2023,15,2,2,4,0,0,0,-0,-1.8901005836669356
00-0034438,2023,18,3,4,27,0,1,1,7,-10.079575101757657
00-0034771,2023,15,2,3,3,0,0,1,11,-5.6805059256148525
00-0034771,2023,16,17,27,290,2,0,1,6,8.335159954724112
00-0034771,2023,17,18,24,274,0,0,1,8,11.097580417471296
00-0034771,2023,18,18,20,152,1,0,3,18,0.573040845541982
00-0034796,2023,1,17,22,169,0,1,4,14,-4.415662565714761
00-0034796,2023,2,24,33,237,2,0,0,-0,12.392853365532094
00-0034796,2023,3,22,31,202,0,0,4,24,-7.2513471138071
00-0034796,2023,4,15,19,186,2,0,3,21,6.872492622467689
00-0034796,2023,5,22,38,236,0,1,4,26,-13.225236594514609
00-0034796,2023,6,21,30,223,1,1,1,2,5.846638061230958
00-0034796,2023,7,21,27,357,3,0,0,-0,25.262835674511734
00-0034796,2023,8,18,27,157,1,0,4,19,-4.98437022745088
00-0034796,2023,9,21,26,187,0,0,1,8,-3.1819175304861713
00-0034796,2023,10,13,23,223,1,2,3,23,-5.893444059215654
00-0034796,2023,11,16,26,264,2,0,3,16,8.243131167493246
00-0034796,2023,12,18,32,177,1,0,2,13,-3.558443205733816
00-0034796,2023,14,24,43,316,3,1,2,6,11.559825902449342
00-0034796,2023,15,14,24,171,1,1,3,26,-3.565044596736317
00-0034796,2023,16,23,35,252,2,0,2,11,4.920349201298974
00-0034796,2023,17,18,21,321,5,0,1,9,28.995928248681594
00-0034855,2023,1,21,34,173,2,0,1,4,0.9109713025364148
00-0034855,2023,2,26,34,317,1,0,0,-0,13.25848529643427
00-0034855,2023,3,15,25,146,1,1,2,13,0.5610822458160358
00-0034855,2023,4,25,32,246,3,1,1,7,8.84839650185313
00-0034855,2023,6,19,37,206,0,1,1,1,-8.300111832407799
00-0034855,2023,7,27,42,275,1,1,3,19,0.5751858274117692
00-0034855,2023,8,25,42,237,2,0,3,13,-1.0801537833780106
00-0034855,2023,9,21,30,265,2,0,2,14,10.579215147870128
00-0034855,2023,10,18,29,278,2,1,3,15,7.865437767983115
00-0034855,2023,11,29,45,246,1,1,4,25,-9.188732027629158
00-0034855,2023,12,20,30,199,2,1,6,26,-7.509872112456654
00-0034855,2023,13,14,29,202,1,1,1,8,-3.701134300499689
00-0034855,2023,14,14,29,144,2,0,1,2,2.4492407522937616
00-0034855,2023,15,22,28,381,4,0,5,28,23.46660046726831
00-0034855,2023,16,26,35,283,2,0,2,18,12.943090209003836
00-0034855,2023,17,22,33,309,2,2,2,17,6.979737302695867
00-0034855,2023,18,20,32,137,0,0,3,22,-7.991260263885486
00-0034857,2023,1,29,41,236,1,3,5,19,-1.4093970255351735
00-0034857,2023,2,31,37,274,3,0,2,7,13.21760739837191
00-0034857,2023,3,20,32,218,1,1,0,-0,5.211040452186173
00-0034857,2023,4,21,25,320,4,0,2,10,22.19731426213972
00-0034857,2023,5,27,40,359,2,1,0,-0,14.9453127423767
00-0034857,2023,6,19,30,169,2,1,0,-0,1.2013992320389688
00-0034857,2023,7,27,41,265,2,1,1,7,8.579465328659799
00-0034857,2023,8,31,40,324,2,1,2,12,1.8202115608550784
00-0034857,2023,9,26,38,258,1,1,1,9,3.596652031051859
00-0034857,2023,10,15,26,177,1,2,0,-0,-5.041388048557565
00-0034857,2023,11,20,32,275,3,1,1,12,12.000879541489958
00-0034857,2023,12,29,51,339,2,1,1,7,7.660534720481227
00-0034857,2023,14,23,42,233,1,1,3,24,-2.0088587999831455
00-0034857,2023,15,7,15,94,1,0,1,9,-0.4609956982137855
00-0034857,2023,16,15,21,237,1,1,1,7,10.033300907642117
00-0034857,2023,17,15,30,169,0,1,1,15,-4.945098244781253
00-0034857,2023,18,30,38,359,2,2,3,14,3.935817859484814
00-0034869,2023,5,1,1,1,0,0,0,-0,-1.055569262010977
00-0034869,2023,10,1,2,6,0,0,0,-0,-2.4168919341173023
00-0034869,2023,15,2,3,20,0,0,0,-0,0.04260692391489673
00-0034869,2023,16,8,14,81,1,1,2,20,-0.6477612565504387
00-0034869,2023,17,0,0,0,0,0,1,6,-1.7085371020948514
00-0034869,2023,18,16,26,189,1,0,3,14,5.523995909395049
00-0034955,2023,8,5,10,42,0,0,1,7,-5.129441424680408
00-0034955,2023,9,13,28,130,0,1,1,11,-14.595850082733032
00-0035100,2023,1,0,1,0,0,0,0,-0,-1.24702901893761
00-0035100,2023,11,8,14,68,1,0,3,19,-5.374978195216586
00-0035100,2023,12,19,26,227,1,1,4,30,-2.747910093474186
00-0035100,2023,13,32,37,354,1,0,2,12,19.50506688831062
00-0035100,2023,14,18,24,275,2,1,0,-0,7.979605776898097
00-0035100,2023,15,29,42,324,2,1,4,22,10.253093997918768
00-0035100,2023,16,28,42,335,1,3,3,26,-8.639249561096868
00-0035100,2023,17,19,33,197,1,0,6,38,0.0672544692590038
00-0035100,2023,18,18,24,156,3,1,2,22,2.503222872829731
00-0035228,2023,10,19,32,249,0,1,2,19,-5.510303714336204
00-0035228,2023,11,20,30,214,1,1,3,18,-6.826709361931806
00-0035228,2023,12,27,45,256,1,0,4,37,-13.317040873352765
00-0035228,2023,13,13,23,145,1,0,2,13,1.144690662534536
00-0035228,2023,15,26,39,211,1,2,3,9,-6.408165062213152
00-0035228,2023,16,24,38,230,2,0,2,17,-5.7748675456398555
00-0035228,2023,17,25,31,232,3,1,1,4,9.116396065266414
00-0035228,2023,18,22,30,262,1,0,1,2,14.697530754196652
00-0035264,2023,17,20,32,224,1,0,2,12,4.700232412085761
00-0035264,2023,18,20,34,272,1,1,5,34,0.3531887839199044
00-0035282,2023,14,13,24,179,0,0,2,31,-6.7211686507216655
00-0035282,2023,15,23,32,257,3,1,3,23,-10.32050233357586
00-0035282,2023,16,23,33,215,0,0,5,40,-1.0849161199779078
00-0035282,2023,17,24,38,220,0,0,1,5,-0.6990487659365119
00-0035282,2023,18,28,47,258,0,0,3,23,-15.186350245580387
00-0035289,2023,1,0,2,0,0,0,0,-0,-4.754616433085175
00-0035289,2023,2,19,23,171,1,0,0,-0,8.907145353119489
00-0035289,2023,3,27,44,227,1,0,5,39,-8.418345229189796
00-0035289,2023,5,11,14,155,0,0,0,-0,7.407801365479827
00-0035289,2023,6,33,55,329,1,3,3,19,-11.561452929262398
00-0035289,2023,7,15,23,305,2,1,4,17,0.7342462386582906
00-0035289,2023,8,23,41,213,2,1,2,6,-2.0379720588497103
00-0035289,2023,9,17,26,127,1,0,1,7,-1.0497175877787492
00-0035289,2023,10,18,28,194,0,1,0,-0,2.4175481618581065
00-0035289,2023,12,24,41,251,0,1,2,12,-0.09710011280425236
00-0035289,2023,13,26,42,312,2,0,3,12,4.990761869994218
00-0035289,2023,14,26,39,240,1,1,3,14,-0.4344656739080248
00-0035289,2023,15,18,28,215,3,0,3,13,-0.6965998019654951
00-0035289,2023,16,20,37,201,0,1,6,31,-8.085402387826932
00-0035289,2023,17,15,23,224,1,0,1,9,11.492219796404244
00-0035289,2023,18,13,24,141,0,0,1,8,-4.5657571244969954
00-0035704,2023,4,2,6,63,0,0,0,-0,1.799429426464485
00-0035704,2023,11,2,6,3,0,1,0,-0,-5.48228724184446
00-0035704,2023,14,22,31,269,2,2,4,15,-0.2363125089323148
00-0035704,2023,15,22,33,208,1,0,2,11,3.265447533214444
00-0035710,2023,1,15,28,104,0,2,7,47,-22.697970342473127
00-0035710,2023,2,26,37,321,2,1,3,9,8.180348059220705
00-0035710,2023,3,22,32,137,0,1,2,16,-8.18383260950047
00-0035710,2023,4,27,34,203,0,2,10,59,-29.01369021102904
00-0035710,2023,5,14,20,119,0,0,6,19,-4.5957046443267755
00-0035710,2023,9,4,9,25,0,0,2,17,-4.144154457608238
00-0035993,2023,7,0,1,0,0,0,0,-0,-0.9280543375061824
00-0035993,2023,9,5,7,38,1,0,0,-0,5.176841295120539
00-0035993,2023,17,1,1,19,1,0,0,-0,4.22594323719386
00-0035993,2023,18,15,28,146,1,0,4,28,-4.674275439687568
00-0036212,2023,1,28,45,466,3,1,0,-0,27.07833069664635
00-0036212,2023,2,21,30,249,1,1,1,5,11.266563081514583
00-0036212,2023,3,23,26,309,4,0,0,-0,26.372212297806986
00-0036212,2023,4,25,35,282,1,1,4,31,-3.48410618014168
00-0036212,2023,5,22,30,308,2,2,1,6,-1.8441978553910436
00-0036212,2023,6,21,31,262,3,0,0,-0,16.12479107605759
00-0036212,2023,7,23,32,216,1,1,3,10,-3.8402599184064217
00-0036212,2023,8,30,45,324,3,1,2,12,12.581885234021849
00-0036212,2023,9,21,34,193,1,0,3,18,0.5236871447996236
00-0036212,2023,11,28,39,325,2,1,1,2,4.769229019801378
00-0036212,2023,12,21,30,243,1,2,2,15,4.45056448865949
00-0036212,2023,13,18,24,280,2,0,0,-0,19.67799806176171
00-0036212,2023,14,23,33,240,0,0,5,32,-7.438043209396787
00-0036212,2023,15,21,24,224,1,0,3,15,9.223429321831444
00-0036212,2023,16,24,37,293,1,0,1,9,7.294361547796323
00-0036212,2023,17,22,38,237,2,2,3,16,-0.4419396678963432
00-0036212,2023,18,17,27,173,1,2,0,-0,1.2538411483401433
00-0036264,2023,1,15,27,245,3,0,1,8,17.795653510178614
00-0036264,2023,2,14,25,151,3,0,1,11,2.6311388129449607
00-0036264,2023,3,22,44,259,1,1,1,14,-2.9644087828989982
00-0036264,2023,4,23,36,246,1,2,5,43,-12.693179846350668
00-0036264,2023,5,16,30,182,0,3,2,7,-14.767112767702136
00-0036264,2023,7,21,31,180,2,1,0,-0,7.5664805464003715
00-0036264,2023,8,24,41,229,1,1,4,33,-7.905982737080194
00-0036264,2023,9,20,26,228,1,0,4,21,8.078893333065578
00-0036264,2023,10,21,40,289,2,2,1,6,5.195348850801602
00-0036264,2023,11,27,40,322,2,0,3,27,10.750950282512571
00-0036264,2023,12,22,32,268,3,0,0,-0,12.759378605006113
00-0036264,2023,13,25,36,267,3,0,2,14,15.392143603934803
00-0036264,2023,14,25,39,218,1,1,2,15,-0.21791342134478953
00-0036264,2023,15,29,39,284,2,0,2,23,3.926120546559818
00-0036264,2023,16,17,28,219,2,0,1,12,11.282902940933512
00-0036264,2023,17,24,33,256,3,0,0,-0,14.013365820699596
00-0036264,2023,18,27,32,316,2,0,1,8,15.073805185603186
00-0036355,2023,1,23,33,229,1,0,3,29,-1.241065451304303
00-0036355,2023,2,27,41,305,2,0,3,24,9.26494210589466
00-0036355,2023,3,40,47,405,3,0,1,9,21.501615730756065
00-0036355,2023,4,13,24,167,1,1,2,17,-3.676677308384192
00-0036355,2023,6,22,37,227,2,1,1,8,-0.20592430754743463
00-0036355,2023,7,17,30,259,1,2,5,40,0.5402288636620126
00-0036355,2023,8,31,40,298,3,0,0,-0,17.087563478392997
00-0036355,2023,9,16,30,136,0,0,5,29,-6.611584542193967
00-0036355,2023,10,27,40,323,4,1,0,-0,14.587980706253925
00-0036355,2023,11,21,36,260,2,0,2,16,5.060112854914548
00-0036355,2023,12,29,44,217,1,1,3,24,-11.907626775650716
00-0036355,2023,13,22,37,212,0,0,0,-0,2.007862655023166
00-0036355,2023,14,9,17,96,0,1,4,37,-19.54357248696033
00-0036389,2023,1,22,33,170,1,0,3,16,-4.85952255143671
00-0036389,2023,2,18,23,193,1,1,4,22,1.1131707055028528
00-0036389,2023,3,23,37,277,1,2,1,6,1.7553614552587669
00-0036389,2023,4,25,37,319,2,0,3,8,10.566899214391142
00-0036389,2023,5,25,38,303,1,1,1,8,7.784427022446399
00-0036389,2023,6,28,45,280,1,3,2,12,-6.5059565516402715
00-0036389,2023,7,23,31,279,2,1,3,23,2.172574536059983
00-0036389,2023,8,29,38,319,4,0,2,4,23.611318518510913
00-0036389,2023,9,17,23,207,2,0,3,24,8.435014081711415
00-0036389,2023,11,14,22,150,0,1,5,26,-3.4149417451117188
00-0036389,2023,12,18,31,200,3,1,2,7,0.08719554189211765
00-0036389,2023,13,26,45,298,1,0,3,27,10.26057722323575
00-0036389,2023,14,18,27,197,0,0,1,7,2.5487039626868744
00-0036389,2023,15,17,31,143,0,2,0,-0,1.71635226032231
00-0036389,2023,16,24,38,301,1,1,1,6,7.383805972453136
00-0036389,2023,17,18,23,167,3,1,0,-0,11.54995583853046
00-0036389,2023,18,7,16,55,0,1,2,26,-10.87321348884143
00-0036442,2023,1,14,31,82,0,0,2,15,-18.635626889657797
00-0036442,2023,2,27,41,222,2,1,1,6,1.572308320844988
00-0036442,2023,3,26,49,259,0,1,2,17,-6.3870241614940735
00-0036442,2023,4,20,30,165,0,0,3,26,-8.805660734302364
00-0036442,2023,5,36,46,317,3,1,3,30,9.498447030530684
00-0036442,2023,6,24,35,185,2,1,3,17,-3.312432660459075
00-0036442,2023,8,28,32,283,3,0,3,17,13.392601461227596
00-0036442,2023,9,31,44,348,2,0,1,5,12.65865346840559
00-0036442,2023,10,27,40,347,2,2,4,33,3.1982571250112413
00-0036442,2023,11,11,17,101,1,0,2,14,2.9155140989400716
00-0036898,2023,11,1,1,2,0,0,0,-0,-0.95239889761433
00-0036898,2023,13,1,1,18,0,0,0,-0,1.542847081553191
00-0036898,2023,14,1,5,4,0,0,1,3,-9.069208267668728
00-0036898,2023,15,0,0,0,0,0,1,10,-0.18297453355626203
00-0036898,2023,16,15,32,149,2,0,0,-0,3.6321571189328097
00-0036928,2023,12,0,1,0,0,0,0,-0,-1.8803028730234743
00-0036945,2023,1,24,37,216,1,1,4,27,-10.998732079244236
00-0036945,2023,2,16,29,211,1,2,6,42,-8.620328064332805
00-0036945,2023,3,11,22,99,1,1,3,12,-13.247832806431688
00-0036945,2023,4,28,35,335,4,1,4,35,7.1422850987291895
00-0036945,2023,5,15,29,282,4,0,3,9,11.5088239949803
00-0036945,2023,6,6,10,58,0,1,4,18,-8.60774218969313
00-0036945,2023,11,16,23,169,1,0,2,18,4.194769059140295
00-0036945,2023,12,27,37,217,0,0,3,18,-5.58729195784216
00-0036945,2023,14,19,33,223,1,0,3,29,2.9458508168047564
00-0036945,2023,15,19,40,166,1,2,3,18,-15.480020451794951
00-0036945,2023,16,15,27,170,1,1,1,-0,-3.621005084270454
00-0036945,2023,17,20,32,268,1,0,3,28,5.367985639412293
00-0036945,2023,18,11,16,148,0,0,5,31,-1.293238689303349
00-0036971,2023,1,24,32,241,2,1,2,4,-9.001866828126367
00-0036971,2023,2,22,41,216,0,0,4,18,-12.625911246076312
00-0036971,2023,3,27,40,279,1,1,0,-0,2.2051360300596072
00-0036971,2023,4,23,30,207,1,0,2,12,4.4045161920384786
00-0036971,2023,5,25,37,315,1,0,5,37,8.35737227689242
00-0036971,2023,6,20,30,181,2,1,3,33,-3.67093885802549
00-0036971,2023,7,20,29,204,1,0,0,-0,4.5950666462427945
00-0036971,2023,8,24,32,292,1,1,3,21,7.139634887643097
00-0036971,2023,10,17,29,185,0,2,5,28,-17.344053464164666
00-0036971,2023,11,24,32,262,2,0,1,1,16.51056056429875
00-0036971,2023,12,23,38,364,1,1,0,-0,11.43723191408566
00-0036971,2023,13,22,29,258,2,0,2,14,10.467320891881942
00-0036971,2023,14,28,50,257,3,3,4,22,-6.312173207261367
00-0036971,2023,15,25,43,264,1,0,1,6,-12.136260574116172
00-0036971,2023,16,17,29,211,1,2,3,28,-4.898182343913382
00-0036971,2023,18,29,43,280,2,2,0,-0,1.6498609748086892
00-0036972,2023,1,35,54,316,3,1,2,10,-6.660893661319278
00-0036972,2023,2,31,42,231,1,1,4,31,-2.3766230029077766
00-0036972,2023,3,15,29,201,1,0,0,-0,5.437647214136642
00-0036972,2023,4,12,21,150,0,2,1,-0,-12.8416448108037
00-0036972,2023,5,12,22,110,0,2,2,21,-18.67695368431602
00-0036972,2023,6,24,33,200,0,1,3,19,-3.1864464957031884
00-0036972,2023,7,25,30,272,2,0,1,4,13.239483982002865
00-0036972,2023,8,19,29,161,2,1,3,20,-9.12733173041946
00-0036972,2023,9,24,44,220,1,1,0,-0,-6.030163121383092
00-0036972,2023,10,15,20,170,0,1,5,22,-3.619902146221295
00-0036972,2023,12,12,21,89,0,2,1,-0,-9.911773824656848
00-0037013,2023,1,14,21,140,1,1,2,13,-3.1895326425664656
00-0037013,2023,2,12,27,170,1,3,3,19,-18.485197545433778
00-0037013,2023,3,18,36,157,0,0,3,24,-15.248782486806231
00-0037013,2023,4,28,39,245,2,0,2,17,3.608918252683421
00-0037013,2023,5,19,26,199,0,1,4,26,-7.168929509143194
00-0037013,2023,6,19,33,186,0,0,5,31,-9.885183468243898
00-0037013,2023,8,17,36,240,1,0,4,47,-14.034994183657078
00-0037013,2023,9,33,49,263,0,0,8,57,-19.13270812645457
00-0037013,2023,10,23,39,263,0,1,2,6,-4.123176070408278
00-0037013,2023,11,7,15,81,1,1,5,30,-7.6109845521859825
00-0037013,2023,14,27,36,301,2,0,4,33,7.829823942284432
00-0037013,2023,15,4,11,26,0,0,4,37,-13.859405201656044
00-0037077,2023,1,19,31,202,1,1,6,46,-13.413062730876792
00-0037077,2023,2,27,39,299,2,0,4,33,7.249400672420453
00-0037077,2023,3,19,29,170,0,4,9,45,-26.450667170560944
00-0037077,2023,4,29,41,290,1,0,5,32,7.724412571688452
00-0037077,2023,5,37,51,388,2,1,5,29,3.675322935908062
00-0037077,2023,6,14,23,151,3,0,5,30,-0.1997386012117821
00-0037077,2023,7,22,42,249,0,1,6,52,-14.697246201267244
00-0037077,2023,8,39,52,397,4,1,1,9,3.5826236466527916
00-0037077,2023,9,29,45,325,1,1,3,17,5.039729462119961
00-0037077,2023,10,29,44,312,3,0,3,24,11.658417408175437
00-0037077,2023,11,31,45,256,1,3,4,26,-8.88358981184046
00-0037077,2023,12,28,44,300,0,1,4,32,-12.348847936825509
00-0037077,2023,13,12,23,127,0,1,3,20,-14.074273457233677
00-0037077,2023,15,11,26,102,1,1,1,8,-12.578237459412776
00-0037077,2023,16,6,22,56,0,2,1,13,-23.490221187123097
00-0037077,2023,17,17,28,169,1,2,1,6,-9.632565840491566
00-0037077,2023,18,19,27,153,1,2,4,27,-6.822633927639816
00-0037834,2023,1,19,29,220,2,0,3,17,6.5278640272773965
00-0037834,2023,2,17,25,206,0,0,1,-0,3.2599135650464697
00-0037834,2023,3,25,37,310,2,0,2,10,16.46249543812681
00-0037834,2023,4,20,21,283,1,0,1,12,22.84409084377694
00-0037834,2023,5,17,24,252,4,0,1,2,18.54200110162492
00-0037834,2023,6,12,27,125,1,1,3,18,-10.562338488182686
00-0037834,2023,7,21,30,272,1,2,1,12,8.158350352013063
00-0037834,2023,8,22,31,365,1,2,2,18,-2.851934379665181
00-0037834,2023,10,19,26,296,3,0,2,9,17.11725111317794
00-0037834,2023,11,21,25,333,3,0,4,28,15.87038970358464
00-0037834,2023,12,21,30,209,1,1,1,1,0.7482287154365754
00-0037834,2023,13,19,27,314,4,0,2,4,22.329711401311215
00-0037834,2023,14,19,27,368,2,1,3,14,12.758138486300597
00-0037834,2023,15,16,25,242,4,0,0,-0,18.1681928660837
00-0037834,2023,16,18,32,255,0,4,2,8,-18.069514673683724
00-0037834,2023,17,22,28,230,2,0,0,-0,12.450718497306733
00-0038102,2023,1,31,46,232,1,2,5,34,-20.120926569390576
00-0038102,2023,2,15,30,222,1,1,2,22,-7.772112777774912
00-0038102,2023,3,16,28,235,2,0,1,7,5.9215954580455765
00-0038102,2023,4,15,23,114,0,1,3,21,-13.630709189599646
00-0038102,2023,5,18,32,224,1,0,3,22,4.048525538584668
00-0038102,2023,7,17,25,230,0,0,2,16,0.6385510045254286
00-0038102,2023,8,10,16,73,0,0,1,5,-6.398177648077837
00-0038102,2023,9,19,30,160,1,0,0,-0,3.3539545370808663
00-0038102,2023,10,14,23,126,0,0,1,7,-5.687628693613217
00-0038102,2023,11,15,28,106,0,0,3,29,-11.89154918366694
00-0038102,2023,12,24,33,278,0,0,2,10,11.777032637398312
00-0038102,2023,13,7,10,70,0,0,0,-0,-0.4800470601178337
00-0038108,2023,4,4,9,57,0,0,1,7,-2.9953646172221102
00-0038108,2023,5,3,9,22,0,0,0,-0,-7.567776053445414
00-0038108,2023,10,3,7,25,0,1,0,-0,-0.8285839124000631
00-0038108,2023,12,9,14,54,0,1,1,7,-6.4132949726772495
00-0038108,2023,13,13,25,141,0,0,5,32,-15.719805817992892
00-0038108,2023,14,19,28,240,3,1,2,18,1.2988814690033903
00-0038108,2023,15,23,31,180,1,1,4,26,-12.91829583833274
00-0038108,2023,16,25,33,256,2,0,2,26,3.180225539440515
00-0038108,2023,17,16,26,209,0,3,3,18,-12.082419550110458
00-0038108,2023,18,12,30,88,0,2,7,57,-27.749018961736947
00-0038122,2023,1,15,18,115,1,0,4,24,-4.450449751486303
00-0038122,2023,2,19,32,237,1,1,1,2,3.119444441400778
00-0038122,2023,3,21,38,201,0,0,7,62,-14.69095040827284
00-0038122,2023,4,19,31,191,1,2,4,31,-19.31930863641901
00-0038122,2023,5,28,37,329,1,0,0,-0,14.121646988207342
00-0038122,2023,6,28,47,307,2,3,3,11,-8.266498811313207
00-0038122,2023,7,19,25,250,0,0,1,5,7.05915386592294
00-0038122,2023,8,8,12,71,0,0,5,36,-10.739259789815335
00-0038122,2023,10,4,6,39,0,0,0,-0,2.4857614090433344
00-0038122,2023,12,13,21,168,1,2,0,-0,-2.746315741154831
00-0038122,2023,13,12,27,121,1,0,3,17,-3.778801962090527
00-0038122,2023,14,26,40,347,1,1,3,9,-3.4233185247805267
00-0038122,2023,15,12,20,152,1,1,0,-0,3.120557009911863
00-0038122,2023,17,3,4,17,0,1,0,-0,-2.75917106482666
00-0038122,2023,18,22,30,291,2,1,0,-0,6.867769799828688
00-0038128,2023,6,4,5,74,0,0,4,30,-0.068276936013552
00-0038391,2023,17,1,1,37,0,0,0,-0,2.1436268281540833
00-0038416,2023,6,10,14,83,0,1,1,10,-16.589481437113136
00-0038416,2023,7,21,29,162,1,0,1,7,5.508855066349271
00-0038416,2023,8,25,37,232,0,2,1,10,-8.624904703930952
00-0038416,2023,9,18,30,220,2,3,2,8,-3.6926080370794896
00-0038416,2023,10,20,33,162,0,0,0,-0,-2.019608180303595
00-0038476,2023,8,2,7,-1,0,0,2,9,-6.947000161278993
00-0038476,2023,9,15,20,175,1,2,6,29,-14.882968198391607
00-0038476,2023,10,14,27,86,2,1,5,25,-11.907895865544459
00-0038476,2023,11,18,26,246,3,0,9,45,3.808219777303748
00-0038476,2023,12,17,25,191,1,0,6,29,-1.824021166448882
00-0038476,2023,14,17,21,158,1,0,0,-0,5.1811854265103605
00-0038476,2023,15,20,34,177,0,0,7,57,-14.636729936639313
00-0038476,2023,16,9,16,55,0,0,1,2,-6.6646924380415005
00-0038476,2023,18,2,2,14,0,0,1,-0,-1.4483296424150467
00-0038579,2023,4,24,39,238,0,1,7,50,-11.765604441442475
00-0038579,2023,7,10,13,75,1,1,0,-0,3.992335240240209
00-0038579,2023,9,16,25,209,0,0,0,-0,7.603048639668113
00-0038579,2023,10,16,27,153,1,1,3,27,-9.807394982754028
00-0038579,2023,11,24,41,271,1,3,2,11,-9.57663344397134
00-0038579,2023,12,23,33,248,1,0,1,13,4.325248748179089
00-0038579,2023,14,21,32,171,0,1,4,25,-19.20355119294254
00-0038579,2023,15,20,34,248,4,0,1,6,10.630083312629722
00-0038579,2023,16,9,21,62,0,0,2,14,-12.96893692768682
00-0038579,2023,17,30,47,299,2,0,2,13,8.476911331376785
00-0038579,2023,18,20,31,244,2,0,2,14,11.44188592725486
00-0038582,2023,7,1,1,4,0,0,0,-0,-1.980460286140442
00-0038582,2023,9,11,20,58,0,2,7,41,-32.76908288651612
00-0038583,2023,4,19,36,121,0,3,4,48,-27.36171850353747
00-0038583,2023,8,1,1,9,0,0,0,-0,0.6945670462446287
00-0038583,2023,11,24,43,165,0,1,1,2,-9.681774268266912
00-0038583,2023,12,14,29,134,1,0,0,-0,-0.00183594018998567
00-0038583,2023,15,1,1,5,0,0,0,-0,2.0642242955509573
00-0038583,2023,16,1,2,6,0,0,1,10,-4.293592726578936
00-0038598,2023,8,3,4,23,0,0,1,-0,-2.580854845873546
00-0038598,2023,9,5,6,78,0,0,0,-0,4.896502905612579
00-0038598,2023,17,5,10,67,0,1,3,28,-14.99169085717639
00-0038911,2023,6,0,0,0,0,0,1,5,-1.2853722739964724
00-0039150,2023,1,20,38,146,1,2,2,19,-10.528563417818296
00-0039150,2023,2,22,33,153,1,0,4,14,-12.32737778240337
00-0039150,2023,4,25,32,204,0,0,5,55,-13.02082383805393
00-0039150,2023,5,25,41,247,3,2,1,4,-0.01128213130090438
00-0039150,2023,6,23,38,217,1,0,4,36,-10.966093807958623
00-0039150,2023,8,22,31,235,1,0,6,55,-0.3340692363736806
00-0039150,2023,9,24,39,173,1,3,4,36,-24.65282764094532
00-0039150,2023,10,21,38,185,0,0,3,15,-8.250408326359667
00-0039150,2023,11,16,29,123,1,1,7,46,-18.73243090448309
00-0039150,2023,12,18,31,194,0,0,4,32,-4.867258823719059
00-0039150,2023,13,15,31,178,0,1,4,29,-5.070967915060464
00-0039150,2023,14,13,36,137,0,0,4,38,-31.291697221108052
00-0039150,2023,15,18,24,167,0,0,3,13,-3.88388326859889
00-0039150,2023,16,23,36,312,2,0,2,14,10.878574913417076
00-0039150,2023,17,19,32,112,0,1,6,45,-21.465144071611576
00-0039150,2023,18,11,18,94,0,0,3,26,-5.80218840235935
00-0039152,2023,8,19,29,238,4,0,2,12,5.93669582210714
00-0039152,2023,9,22,39,262,0,1,4,27,-3.652388919979264
00-0039152,2023,10,19,39,199,0,1,4,32,-11.563321911684694
00-0039152,2023,11,13,17,158,2,0,2,15,2.9629585499642417
00-0039152,2023,12,18,28,185,0,0,1,1,-0.05040947084373792
00-0039152,2023,13,16,33,224,1,0,6,20,0.1449495846555211
00-0039152,2023,14,23,38,327,1,1,1,7,7.71207234698824
00-0039152,2023,15,17,26,199,0,1,7,61,-5.730502565711504
00-0039152,2023,17,2,6,16,0,0,1,10,-9.646544275106862
00-0039163,2023,1,28,44,242,0,0,5,46,-11.156192205151807
00-0039163,2023,2,30,47,384,2,0,6,47,7.303065555903382
00-0039163,2023,3,20,30,280,2,0,0,-0,14.348350209458214
00-0039163,2023,4,16,30,306,2,0,0,-0,9.840384931335985
00-0039163,2023,5,20,35,249,1,0,0,-0,3.2933569529967612
00-0039163,2023,6,13,27,199,2,1,2,22,-0.315728024306809
00-0039163,2023,8,16,24,140,0,0,2,21,2.4369864267646335
00-0039163,2023,9,30,42,470,5,0,3,27,28.418964593821205
00-0039163,2023,10,23,39,356,1,1,1,-0,5.137883713780642
00-0039163,2023,11,27,37,336,2,3,3,29,3.795734735649568
00-0039163,2023,12,26,36,304,2,0,4,43,0.7591409554233532
00-0039163,2023,13,16,27,274,1,0,5,28,1.248777172428555
00-0039163,2023,14,10,23,91,0,0,4,38,-16.43346299935365
00-0039163,2023,17,24,32,213,1,0,1,12,4.086053234528455
00-0039163,2023,18,20,26,264,2,0,2,18,12.062857357430085
00-0039164,2023,1,24,37,223,1,1,4,8,-4.387141410610639
00-0039164,2023,2,6,10,56,0,0,0,-0,1.7329200523672623
00-0039164,2023,4,11,25,200,2,0,2,4,5.105916146276286
00-0039164,2023,5,9,12,98,0,0,1,17,2.136096499039202
